"rules","support","confidence","coverage","lift","count"
"{bagels,beef,poultry,spaghetti sauce,toilet paper} => {sugar}",0.0200133422281521,0.857142857142857,0.0233488992661775,2.3361038961039,30
"{bagels,poultry,spaghetti sauce,sugar,toilet paper} => {beef}",0.0200133422281521,0.833333333333333,0.0240160106737825,2.2588908981314,30
